timestamp,round_type,num_baskets,num_prize_types,prize_labels,prize_values,basket_counts,nudge_present,default_basket,action_log,revealed_cells,final_choice,total_reveal_cost,points_earned,wrong_moves,model_used
2025-02-10 03:42:28,test,6,3,"[""A"", ""B"", ""C""]","{""A"": 17, ""B"": 21, ""C"": 11}","{""1"": {""A"": 5, ""B"": 2, ""C"": 5}, ""2"": {""A"": 2, ""B"": 5, ""C"": 2}, ""3"": {""A"": 1, ""B"": 4, ""C"": 5}, ""4"": {""A"": 3, ""B"": 2, ""C"": 2}, ""5"": {""A"": 3, ""B"": 5, ""C"": 4}, ""6"": {""A"": 3, ""B"": 4, ""C"": 5}}",True,5,"[""```json\n{\n  \""explanation\"": \""the recommended basket is basket 5, which is suggested to be the best option. however, since all baskets currently have hidden counts, i need to gather more information to make an informed decision. i will reveal some cells in basket 5 to see the counts for each prize type, as this will help me evaluate the potential rewards more accurately.\"",\n  \""decision\"": \""reveal\"",\n  \""parameters\"": [\""5 a\"", \""5 b\"", \""5 c\""]\n}\n```"", ""revealed 5 A"", ""revealed 5 B"", ""revealed 5 C"", ""```json\n{\n  \""explanation\"": \""basket 5 has already revealed counts for prizes a, b, and c, which are 3, 5, and 4 respectively. i will calculate the potential reward from this basket. the reward calculation is as follows: (3 * 17) + (5 * 21) + (4 * 11) - (reveal cost). the reveal cost for these three cells is 6 points. therefore, the total reward would be (51 + 105 + 44) - 6 = 194 points. since this is a significant reward, i will choose basket 5.\"",\n  \""decision\"": \""choose\"",\n  \""parameters\"": [5]\n}\n```"", ""chose basket 5""]","{""5,A"": 3, ""5,B"": 5, ""5,C"": 4}",5,6,194,0,gpt-4o-mini
2025-02-10 03:42:39,test,6,6,"[""A"", ""B"", ""C"", ""D"", ""E"", ""F""]","{""A"": 20, ""B"": 24, ""C"": 30, ""D"": 29, ""E"": 30, ""F"": 26}","{""1"": {""A"": 2, ""B"": 1, ""C"": 3, ""D"": 4, ""E"": 2, ""F"": 2}, ""2"": {""A"": 1, ""B"": 1, ""C"": 4, ""D"": 5, ""E"": 1, ""F"": 1}, ""3"": {""A"": 3, ""B"": 1, ""C"": 4, ""D"": 3, ""E"": 1, ""F"": 5}, ""4"": {""A"": 1, ""B"": 4, ""C"": 5, ""D"": 1, ""E"": 2, ""F"": 1}, ""5"": {""A"": 1, ""B"": 4, ""C"": 3, ""D"": 5, ""E"": 2, ""F"": 2}, ""6"": {""A"": 5, ""B"": 3, ""C"": 3, ""D"": 4, ""E"": 5, ""F"": 2}}",False,,"[""```json\n{\n  \""explanation\"": \""since all the prize counts are hidden, i need to gather information about the distribution of prizes in the baskets. revealing a few cells will help me understand which baskets contain higher value prizes, allowing me to make a more informed decision later. i will reveal the first row (prize a) across all baskets to see if any of them contain this prize, as it has a decent point value of 20 points.\"",\n  \""decision\"": \""reveal\"",\n  \""parameters\"": [\""1 a\"", \""1 b\"", \""1 c\"", \""1 d\"", \""1 e\"", \""1 f\""]\n}\n```"", ""revealed 1 A"", ""revealed 1 B"", ""revealed 1 C"", ""revealed 1 D"", ""revealed 1 E"", ""revealed 1 F"", ""```json\n{\n  \""explanation\"": \""i have revealed some counts for prize a, b, c, d, e, and f in basket 1. the counts indicate that basket 1 has a good distribution of prizes, particularly with higher counts for prizes c and d. since i already have sufficient information about basket 1, i will choose to accept the current counts from basket 1, as they provide a solid reward without incurring additional reveal costs.\"",\n  \""decision\"": \""accept\"",\n  \""parameters\"": []\n}\n```"", ""```json\n{\n  \""explanation\"": \""i have sufficient information about basket 1, which contains counts for all prize types. the counts are relatively high, especially for prizes c and d, which have the highest point values. to maximize my reward, i will choose to accept the counts from basket 1, as they provide a solid reward without incurring additional reveal costs.\"",\n  \""decision\"": \""accept\"",\n  \""parameters\"": []\n}\n```"", ""```json\n{\n  \""explanation\"": \""i have already revealed the counts for all prize types in basket 1, and they show a strong distribution of prizes, particularly with high counts for prizes c and d. since i have enough information to make a decision, i will choose to accept the counts from basket 1. this will allow me to secure a reward based on the current counts without incurring any additional reveal costs.\"",\n  \""decision\"": \""accept\"",\n  \""parameters\"": []\n}\n```"", ""```json\n{\n  \""explanation\"": \""i have already revealed the counts for all prize types in basket 1, and they show a strong distribution of prizes, particularly with high counts for prizes c and d. since i have enough information to make a decision, i will choose to accept the counts from basket 1. this will allow me to secure a reward based on the current counts without incurring any additional reveal costs.\"",\n  \""decision\"": \""accept\"",\n  \""parameters\"": []\n}\n```"", ""```json\n{\n  \""explanation\"": \""i have already revealed the counts for all prize types in basket 1, and they show a strong distribution of prizes, particularly with high counts for prizes c and d. since i have enough information to make a decision, i will choose to accept the counts from basket 1. this will allow me to secure a reward based on the current counts without incurring any additional reveal costs.\"",\n  \""decision\"": \""accept\"",\n  \""parameters\"": []\n}\n```"", ""```json\n{\n  \""explanation\"": \""i have sufficient information about basket 1, which contains counts for all prize types. the counts are relatively high, especially for prizes c and d, which have the highest point values. since i already have enough information to make a decision, i will choose to accept the counts from basket 1, as they provide a solid reward without incurring additional reveal costs.\"",\n  \""decision\"": \""accept\"",\n  \""parameters\"": []\n}\n```"", ""```json\n{\n  \""explanation\"": \""i have already revealed the counts for all prize types in basket 1, and they show a strong distribution of prizes, particularly with high counts for prizes c and d. since i have enough information to make a decision, i will choose to accept the counts from basket 1. this will allow me to secure a reward based on the current counts without incurring any additional reveal costs.\"",\n  \""decision\"": \""accept\"",\n  \""parameters\"": []\n}\n```"", ""```json\n{\n  \""explanation\"": \""i have sufficient information about basket 1, which contains counts for all prize types. the counts are relatively high, especially for prizes c and d, which have the highest point values. since i already have enough information to make a decision, i will choose to accept the counts from basket 1, as they provide a solid reward without incurring additional reveal costs.\"",\n  \""decision\"": \""accept\"",\n  \""parameters\"": []\n}\n```"", ""```json\n{\n  \""explanation\"": \""i have sufficient information about basket 1, which contains counts for all prize types. the counts are relatively high, especially for prizes c and d, which have the highest point values. since i already have enough information to make a decision, i will choose to accept the counts from basket 1, as they provide a solid reward without incurring additional reveal costs.\"",\n  \""decision\"": \""accept\"",\n  \""parameters\"": []\n}\n```""]","{""1,A"": 2, ""1,B"": 1, ""1,C"": 3, ""1,D"": 4, ""1,E"": 2, ""1,F"": 2}",6,12,568,0,gpt-4o-mini
2025-02-10 03:43:04,test,3,3,"[""A"", ""B"", ""C""]","{""A"": 22, ""B"": 22, ""C"": 12}","{""1"": {""A"": 3, ""B"": 4, ""C"": 2}, ""2"": {""A"": 4, ""B"": 2, ""C"": 1}, ""3"": {""A"": 4, ""B"": 4, ""C"": 4}}",False,,"[""{\n  \""explanation\"": \""to maximize my potential reward, i need to gather information about the hidden counts of each prize type in the baskets. since each reveal costs 2 points, i must be strategic about which cells to reveal. i will start by revealing all cells in the first row (prize a) to see how many of that prize are in each basket, as it has the highest point value. this will help me assess the potential reward from prize a before deciding on further actions.\"",\n  \""decision\"": \""reveal\"",\n  \""parameters\"": [\""1 1\"", \""1 2\"", \""1 3\""]\n}"", ""Exceeded wrong move threshold.""]",{},3,0,224,3,gpt-4o-mini
2025-02-10 03:43:07,test,3,6,"[""A"", ""B"", ""C"", ""D"", ""E"", ""F""]","{""A"": 19, ""B"": 23, ""C"": 27, ""D"": 12, ""E"": 29, ""F"": 13}","{""1"": {""A"": 2, ""B"": 5, ""C"": 2, ""D"": 3, ""E"": 3, ""F"": 5}, ""2"": {""A"": 3, ""B"": 5, ""C"": 4, ""D"": 2, ""E"": 3, ""F"": 4}, ""3"": {""A"": 1, ""B"": 3, ""C"": 4, ""D"": 2, ""E"": 1, ""F"": 2}}",False,,"[""{\""explanation\"": \""to maximize my potential reward, i need to gather information about the prize counts in the baskets. since revealing a cell costs 2 points, i will focus on revealing the first row (prize a) across all baskets to understand the distribution of the highest point value prize. this will help me make more informed decisions in subsequent turns.\"", \""decision\"": \""reveal\"", \""parameters\"": [\""1 1\"", \""1 2\"", \""1 3\""]}"", ""Exceeded wrong move threshold.""]",{},2,0,443,3,gpt-4o-mini
2025-02-10 03:43:10,test,5,6,"[""A"", ""B"", ""C"", ""D"", ""E"", ""F""]","{""A"": 15, ""B"": 29, ""C"": 19, ""D"": 29, ""E"": 14, ""F"": 22}","{""1"": {""A"": 5, ""B"": 2, ""C"": 4, ""D"": 1, ""E"": 2, ""F"": 4}, ""2"": {""A"": 4, ""B"": 5, ""C"": 5, ""D"": 2, ""E"": 2, ""F"": 5}, ""3"": {""A"": 4, ""B"": 5, ""C"": 3, ""D"": 2, ""E"": 4, ""F"": 1}, ""4"": {""A"": 1, ""B"": 2, ""C"": 3, ""D"": 3, ""E"": 4, ""F"": 5}, ""5"": {""A"": 4, ""B"": 5, ""C"": 2, ""D"": 5, ""E"": 2, ""F"": 5}}",False,,"[""```json\n{\n  \""explanation\"": \""to maximize my potential reward, i need to gather information about the hidden counts in the baskets. since each reveal costs 2 points, i will strategically reveal cells that could provide insight into the distribution of high-value prizes. i will start by revealing the first row for all baskets to see the counts for prize a, which has a relatively high point value of 15 points.\"",\n  \""decision\"": \""reveal\"",\n  \""parameters\"": [\""1 1\"", \""1 2\"", \""1 3\"", \""1 4\"", \""1 5\""]\n}\n```"", ""Exceeded wrong move threshold.""]",{},5,0,526,5,gpt-4o-mini
2025-02-10 03:43:12,test,6,5,"[""A"", ""B"", ""C"", ""D"", ""E""]","{""A"": 21, ""B"": 23, ""C"": 16, ""D"": 23, ""E"": 23}","{""1"": {""A"": 2, ""B"": 2, ""C"": 2, ""D"": 5, ""E"": 5}, ""2"": {""A"": 3, ""B"": 1, ""C"": 2, ""D"": 2, ""E"": 4}, ""3"": {""A"": 1, ""B"": 5, ""C"": 5, ""D"": 4, ""E"": 2}, ""4"": {""A"": 1, ""B"": 2, ""C"": 4, ""D"": 4, ""E"": 5}, ""5"": {""A"": 1, ""B"": 2, ""C"": 5, ""D"": 4, ""E"": 4}, ""6"": {""A"": 2, ""B"": 2, ""C"": 3, ""D"": 4, ""E"": 2}}",False,,"[""{\""explanation\"": \""since all the prize counts are hidden, i need to reveal some cells to gather information about the distribution of prizes across the baskets. this will help me make a more informed decision about which basket to choose later. i will start by revealing the first row for all baskets to see the counts for prize a, which has a decent point value of 21 points.\"", \""decision\"": \""reveal\"", \""parameters\"": [\""1 1\"", \""1 2\"", \""1 3\"", \""1 4\"", \""1 5\"", \""1 6\""]}"", ""Exceeded wrong move threshold.""]",{},3,0,354,6,gpt-4o-mini
2025-02-10 03:43:14,test,5,5,"[""A"", ""B"", ""C"", ""D"", ""E""]","{""A"": 14, ""B"": 17, ""C"": 20, ""D"": 17, ""E"": 22}","{""1"": {""A"": 2, ""B"": 2, ""C"": 2, ""D"": 4, ""E"": 2}, ""2"": {""A"": 1, ""B"": 3, ""C"": 3, ""D"": 5, ""E"": 4}, ""3"": {""A"": 2, ""B"": 2, ""C"": 1, ""D"": 4, ""E"": 4}, ""4"": {""A"": 2, ""B"": 3, ""C"": 3, ""D"": 5, ""E"": 5}, ""5"": {""A"": 3, ""B"": 5, ""C"": 5, ""D"": 4, ""E"": 1}}",False,,"[""```json\n{\n  \""explanation\"": \""since all the baskets and prize counts are currently hidden, i need to gather information to make an informed decision. revealing some cells will help me understand the distribution of prizes across the baskets. i will start by revealing the first row for all baskets to see the counts for prize a, which has a relatively lower point value compared to others. this will give me a baseline understanding of the prize distribution.\"",\n  \""decision\"": \""reveal\"",\n  \""parameters\"": [\""1 1\"", \""1 2\"", \""1 3\"", \""1 4\"", \""1 5\""]\n}\n```"", ""Exceeded wrong move threshold.""]",{},4,0,334,5,gpt-4o-mini
2025-02-10 03:43:17,test,6,3,"[""A"", ""B"", ""C""]","{""A"": 11, ""B"": 25, ""C"": 19}","{""1"": {""A"": 3, ""B"": 4, ""C"": 5}, ""2"": {""A"": 3, ""B"": 5, ""C"": 2}, ""3"": {""A"": 5, ""B"": 2, ""C"": 4}, ""4"": {""A"": 5, ""B"": 1, ""C"": 3}, ""5"": {""A"": 4, ""B"": 1, ""C"": 5}, ""6"": {""A"": 1, ""B"": 4, ""C"": 1}}",False,,"[""```json\n{\n  \""explanation\"": \""to maximize my potential reward, i need to gather more information about the contents of the baskets. since each prize has a different point value, revealing cells will help me identify which baskets contain the most valuable prizes. i will start by revealing the first row for prize a, as it has the lowest point value, and then i can decide on further actions based on the revealed information.\"",\n  \""decision\"": \""reveal\"",\n  \""parameters\"": [\""1 a\"", \""1 b\"", \""1 c\"", \""1 d\"", \""1 e\"", \""1 f\""]\n}\n```"", ""revealed 1 A"", ""revealed 1 B"", ""revealed 1 C"", ""Exceeded wrong move threshold.""]","{""1,A"": 3, ""1,B"": 4, ""1,C"": 5}",1,6,222,3,gpt-4o-mini
2025-02-10 03:43:20,test,4,3,"[""A"", ""B"", ""C""]","{""A"": 30, ""B"": 16, ""C"": 25}","{""1"": {""A"": 4, ""B"": 1, ""C"": 5}, ""2"": {""A"": 5, ""B"": 5, ""C"": 4}, ""3"": {""A"": 4, ""B"": 4, ""C"": 1}, ""4"": {""A"": 4, ""B"": 1, ""C"": 1}}",False,,"[""```json\n{\n  \""explanation\"": \""to maximize potential rewards, i need to gather information about the hidden counts of prizes in the baskets. since revealing a cell costs points, i will strategically choose to reveal a few cells that will give me the most insight into the distribution of prizes. i will reveal the first cell of each basket to understand the counts for each prize type across all baskets.\"",\n  \""decision\"": \""reveal\"",\n  \""parameters\"": [\""1 a\"", \""2 a\"", \""3 a\"", \""4 a\""]\n}\n```"", ""revealed 1 A"", ""revealed 2 A"", ""revealed 3 A"", ""revealed 4 A"", ""```json\n{\n  \""explanation\"": \""i have revealed the counts for prize a in all baskets, which gives me a clear understanding of its distribution. now, i need to decide whether to accept the current situation or choose a basket to maximize my reward. since prize a has a total of 4*30 + 5*30 + 4*30 + 4*30 = 420 points from the revealed counts, i should focus on maximizing my reward by choosing a basket that might contain higher counts for the other prizes. i will choose basket 1 to explore the potential counts for prizes b and c.\"",\n  \""decision\"": \""choose\"",\n  \""parameters\"": [1]\n}\n```"", ""chose basket 1""]","{""1,A"": 4, ""2,A"": 5, ""3,A"": 4, ""4,A"": 4}",1,8,253,0,gpt-4o-mini
2025-02-10 03:43:24,test,3,3,"[""A"", ""B"", ""C""]","{""A"": 25, ""B"": 19, ""C"": 16}","{""1"": {""A"": 5, ""B"": 1, ""C"": 4}, ""2"": {""A"": 1, ""B"": 4, ""C"": 2}, ""3"": {""A"": 5, ""B"": 2, ""C"": 1}}",False,,"[""```json\n{\n  \""explanation\"": \""to maximize my potential reward, i need to gather information about the hidden counts of the prizes in each basket. since revealing a cell costs 2 points, i will strategically reveal cells to understand the distribution of prizes. i will start by revealing one cell from each basket for each prize type to get a balanced view of the prize distribution.\"",\n  \""decision\"": \""reveal\"",\n  \""parameters\"": [\""1 a\"", \""2 a\"", \""3 a\"", \""1 b\"", \""2 b\"", \""3 b\"", \""1 c\"", \""2 c\"", \""3 c\""]\n}\n```"", ""revealed 1 A"", ""revealed 2 A"", ""revealed 3 A"", ""revealed 1 B"", ""revealed 2 B"", ""revealed 3 B"", ""revealed 1 C"", ""revealed 2 C"", ""revealed 3 C"", ""```json\n{\n  \""explanation\"": \""i have revealed the counts for each prize in the baskets, and now i can calculate the potential rewards based on the current counts. the counts indicate that basket 1 has a good amount of prize a and prize c, while basket 2 has a strong count for prize b. i will choose basket 2 because it has the highest potential reward based on the counts and point values.\"",\n  \""decision\"": \""choose\"",\n  \""parameters\"": [2]\n}\n```"", ""chose basket 2""]","{""1,A"": 5, ""2,A"": 1, ""3,A"": 5, ""1,B"": 1, ""2,B"": 4, ""3,B"": 2, ""1,C"": 4, ""2,C"": 2, ""3,C"": 1}",2,18,115,0,gpt-4o-mini
2025-02-10 03:43:28,test,3,6,"[""A"", ""B"", ""C"", ""D"", ""E"", ""F""]","{""A"": 20, ""B"": 15, ""C"": 20, ""D"": 21, ""E"": 26, ""F"": 19}","{""1"": {""A"": 4, ""B"": 1, ""C"": 4, ""D"": 4, ""E"": 4, ""F"": 5}, ""2"": {""A"": 1, ""B"": 4, ""C"": 2, ""D"": 1, ""E"": 1, ""F"": 4}, ""3"": {""A"": 4, ""B"": 1, ""C"": 2, ""D"": 3, ""E"": 1, ""F"": 1}}",True,1,"[""{\n  \""explanation\"": \""since the recommended basket is basket 1, which is suggested to be the best option, i will choose to reveal some cells in this basket to gather more information about the prize counts. this will help me assess the potential rewards and make a more informed decision later.\"",\n  \""decision\"": \""reveal\"",\n  \""parameters\"": [\""1 a\"", \""1 b\"", \""1 c\"", \""1 d\"", \""1 e\""]\n}"", ""revealed 1 A"", ""revealed 1 B"", ""revealed 1 C"", ""revealed 1 D"", ""revealed 1 E"", ""{\n  \""explanation\"": \""basket 1 has revealed counts for several prize types, and it appears to have a good distribution of prizes. i will calculate the potential reward based on the current counts and prize values. since the recommended basket is basket 1 and it shows promising counts, i will choose to accept this recommendation and proceed with it.\"",\n  \""decision\"": \""accept\"",\n  \""parameters\"": []\n}"", ""accepted default basket 1""]","{""1,A"": 4, ""1,B"": 1, ""1,C"": 4, ""1,D"": 4, ""1,E"": 4}",1,10,448,0,gpt-4o-mini
2025-02-10 03:43:32,test,4,6,"[""A"", ""B"", ""C"", ""D"", ""E"", ""F""]","{""A"": 29, ""B"": 20, ""C"": 23, ""D"": 16, ""E"": 20, ""F"": 14}","{""1"": {""A"": 2, ""B"": 3, ""C"": 1, ""D"": 1, ""E"": 1, ""F"": 5}, ""2"": {""A"": 3, ""B"": 2, ""C"": 2, ""D"": 4, ""E"": 5, ""F"": 2}, ""3"": {""A"": 2, ""B"": 5, ""C"": 2, ""D"": 1, ""E"": 3, ""F"": 5}, ""4"": {""A"": 5, ""B"": 5, ""C"": 3, ""D"": 3, ""E"": 3, ""F"": 3}}",True,4,"[""```json\n{\n  \""explanation\"": \""since basket 4 is recommended and is stated to be the best basket, i will choose to accept this recommendation. this allows me to maximize my potential reward without incurring any reveal costs at this stage.\"",\n  \""decision\"": \""accept\"",\n  \""parameters\"": []\n}\n```"", ""accepted default basket 4""]",{},4,0,464,0,gpt-4o-mini
2025-02-10 03:43:34,test,7,5,"[""A"", ""B"", ""C"", ""D"", ""E""]","{""A"": 10, ""B"": 20, ""C"": 14, ""D"": 16, ""E"": 17}","{""1"": {""A"": 2, ""B"": 3, ""C"": 1, ""D"": 3, ""E"": 1}, ""2"": {""A"": 1, ""B"": 4, ""C"": 4, ""D"": 2, ""E"": 3}, ""3"": {""A"": 3, ""B"": 2, ""C"": 4, ""D"": 3, ""E"": 1}, ""4"": {""A"": 3, ""B"": 1, ""C"": 4, ""D"": 1, ""E"": 1}, ""5"": {""A"": 2, ""B"": 4, ""C"": 1, ""D"": 1, ""E"": 4}, ""6"": {""A"": 5, ""B"": 5, ""C"": 1, ""D"": 4, ""E"": 4}, ""7"": {""A"": 5, ""B"": 5, ""C"": 3, ""D"": 5, ""E"": 3}}",False,,"[""```json\n{\n  \""explanation\"": \""since all the counts for the prizes are hidden, i need to reveal some cells to gather information about the distribution of the prizes across the baskets. this will help me make a more informed decision about which baskets to choose later. i will start by revealing the first row (prize a) across all baskets to see if there are any counts for this prize, as it has the lowest point value and may help me gauge the overall distribution.\"",\n  \""decision\"": \""reveal\"",\n  \""parameters\"": [\""1 a\"", \""1 b\"", \""1 c\"", \""1 d\"", \""1 e\"", \""1 f\"", \""1 g\""]\n}\n```"", ""revealed 1 A"", ""revealed 1 B"", ""revealed 1 C"", ""revealed 1 D"", ""revealed 1 E"", ""```json\n{\n  \""explanation\"": \""i have revealed some counts for prize a, b, c, d, and e in basket 1. prize a has 2 counts, b has 3 counts, c has 1 count, d has 3 counts, and e has 1 count. the next step is to choose a basket that maximizes my reward based on the revealed counts. basket 1 has the following potential rewards: a (2*10=20), b (3*20=60), c (1*14=14), d (3*16=48), e (1*17=17). the total reward from basket 1 is 20 + 60 + 14 + 48 + 17 = 159. since i have enough information to make a decision, i will choose basket 1.\"",\n  \""decision\"": \""choose\"",\n  \""parameters\"": [1]\n}\n```"", ""chose basket 1""]","{""1,A"": 2, ""1,B"": 3, ""1,C"": 1, ""1,D"": 3, ""1,E"": 1}",1,10,149,2,gpt-4o-mini
2025-02-10 03:43:39,test,6,6,"[""A"", ""B"", ""C"", ""D"", ""E"", ""F""]","{""A"": 16, ""B"": 24, ""C"": 20, ""D"": 18, ""E"": 27, ""F"": 28}","{""1"": {""A"": 2, ""B"": 2, ""C"": 1, ""D"": 1, ""E"": 1, ""F"": 5}, ""2"": {""A"": 1, ""B"": 1, ""C"": 2, ""D"": 3, ""E"": 3, ""F"": 4}, ""3"": {""A"": 1, ""B"": 4, ""C"": 5, ""D"": 5, ""E"": 2, ""F"": 2}, ""4"": {""A"": 5, ""B"": 5, ""C"": 4, ""D"": 1, ""E"": 1, ""F"": 4}, ""5"": {""A"": 3, ""B"": 2, ""C"": 1, ""D"": 4, ""E"": 1, ""F"": 1}, ""6"": {""A"": 3, ""B"": 2, ""C"": 1, ""D"": 5, ""E"": 2, ""F"": 5}}",False,,"[""{\""explanation\"": \""since all the cells are currently hidden, i need to gather information about the counts of each prize type in the baskets. revealing a few cells will help me understand which baskets have higher counts for the more valuable prizes. i will start by revealing the first row (prize a) across all baskets to see if there are any counts for this prize, as it has a relatively high point value of 16. this will help me decide on my next moves based on the revealed information.\"", \""decision\"": \""reveal\"", \""parameters\"": [\""1 1\"", \""1 2\"", \""1 3\"", \""1 4\"", \""1 5\"", \""1 6\""]}"", ""Exceeded wrong move threshold.""]",{},4,0,437,6,gpt-4o-mini
2025-02-10 03:43:41,test,6,5,"[""A"", ""B"", ""C"", ""D"", ""E""]","{""A"": 28, ""B"": 11, ""C"": 24, ""D"": 15, ""E"": 22}","{""1"": {""A"": 1, ""B"": 2, ""C"": 4, ""D"": 1, ""E"": 5}, ""2"": {""A"": 2, ""B"": 4, ""C"": 5, ""D"": 2, ""E"": 2}, ""3"": {""A"": 1, ""B"": 1, ""C"": 4, ""D"": 3, ""E"": 5}, ""4"": {""A"": 4, ""B"": 1, ""C"": 3, ""D"": 1, ""E"": 4}, ""5"": {""A"": 2, ""B"": 1, ""C"": 2, ""D"": 2, ""E"": 5}, ""6"": {""A"": 1, ""B"": 3, ""C"": 5, ""D"": 5, ""E"": 4}}",False,,"[""```json\n{\n  \""explanation\"": \""since all the cells are currently hidden, i need to reveal some cells to gather information about the counts of each prize type in the baskets. this will allow me to calculate potential rewards and make a more informed decision. i will reveal the first row for all baskets to see the counts for prize a, which has the highest point value.\"",\n  \""decision\"": \""reveal\"",\n  \""parameters\"": [\""1 a\"", \""1 b\"", \""1 c\"", \""1 d\"", \""1 e\"", \""1 f\""]\n}\n```"", ""revealed 1 A"", ""revealed 1 B"", ""revealed 1 C"", ""revealed 1 D"", ""revealed 1 E"", ""```json\n{\n  \""explanation\"": \""i have revealed the counts for prize a, b, c, d, and e in basket 1. now, i need to decide whether to accept the current situation or choose a basket based on the revealed information. basket 1 has counts for all prize types, and i can calculate the potential reward. the total reward from basket 1 is: (1*28) + (2*11) + (4*24) + (1*15) + (5*22) - (0) = 28 + 22 + 96 + 15 + 110 = 271 points. since i have all the information i need from basket 1, i will choose this basket.\"",\n  \""decision\"": \""choose\"",\n  \""parameters\"": [1]\n}\n```"", ""chose basket 1""]","{""1,A"": 1, ""1,B"": 2, ""1,C"": 4, ""1,D"": 1, ""1,E"": 5}",1,10,261,1,gpt-4o-mini
2025-02-10 03:43:46,test,7,5,"[""A"", ""B"", ""C"", ""D"", ""E""]","{""A"": 27, ""B"": 14, ""C"": 15, ""D"": 23, ""E"": 20}","{""1"": {""A"": 3, ""B"": 4, ""C"": 2, ""D"": 4, ""E"": 5}, ""2"": {""A"": 3, ""B"": 4, ""C"": 4, ""D"": 5, ""E"": 5}, ""3"": {""A"": 5, ""B"": 3, ""C"": 1, ""D"": 3, ""E"": 1}, ""4"": {""A"": 3, ""B"": 1, ""C"": 5, ""D"": 1, ""E"": 1}, ""5"": {""A"": 2, ""B"": 4, ""C"": 2, ""D"": 1, ""E"": 2}, ""6"": {""A"": 2, ""B"": 3, ""C"": 5, ""D"": 4, ""E"": 4}, ""7"": {""A"": 3, ""B"": 3, ""C"": 4, ""D"": 3, ""E"": 2}}",True,2,"[""```json\n{\n  \""explanation\"": \""since basket 2 is recommended and is always the best basket, i will choose to reveal some cells in basket 2 to gather information about the prize counts. this will help me determine the potential rewards from this basket while minimizing the reveal cost.\"",\n  \""decision\"": \""reveal\"",\n  \""parameters\"": [\""2 a\"", \""2 b\"", \""2 c\""]\n}\n```"", ""revealed 2 A"", ""revealed 2 B"", ""revealed 2 C"", ""```json\n{\n  \""explanation\"": \""basket 2 has already revealed some counts for prizes a, b, and c. since it is the recommended basket and has visible counts, i will choose to accept it and calculate the potential reward based on the revealed counts. this will allow me to maximize my reward without incurring additional reveal costs.\"",\n  \""decision\"": \""accept\"",\n  \""parameters\"": []\n}\n```"", ""accepted default basket 2""]","{""2,A"": 3, ""2,B"": 4, ""2,C"": 4}",2,6,406,0,gpt-4o-mini
2025-02-10 03:43:49,test,3,6,"[""A"", ""B"", ""C"", ""D"", ""E"", ""F""]","{""A"": 23, ""B"": 24, ""C"": 18, ""D"": 16, ""E"": 19, ""F"": 28}","{""1"": {""A"": 3, ""B"": 3, ""C"": 3, ""D"": 3, ""E"": 5, ""F"": 4}, ""2"": {""A"": 4, ""B"": 5, ""C"": 2, ""D"": 3, ""E"": 2, ""F"": 5}, ""3"": {""A"": 2, ""B"": 4, ""C"": 1, ""D"": 2, ""E"": 4, ""F"": 3}}",False,,"[""```json\n{\n  \""explanation\"": \""to maximize my potential reward, i need to gather information about the contents of the baskets. since each reveal costs 2 points, i should strategically choose a few cells that could provide insight into the prize distribution. i will reveal the first row of each basket to assess the counts for the highest value prizes (a and b) first, as they have the highest point values.\"",\n  \""decision\"": \""reveal\"",\n  \""parameters\"": [\""1 a\"", \""1 b\"", \""1 c\""]\n}\n```"", ""revealed 1 A"", ""revealed 1 B"", ""revealed 1 C"", ""```json\n{\n  \""explanation\"": \""i have revealed the counts for prizes a, b, and c in basket 1, which gives me valuable information about the prize distribution. since i know the counts for these high-value prizes, i can now calculate the potential rewards. the next step is to choose a basket to maximize my reward based on the revealed information. basket 1 has counts for three high-value prizes, so i will choose it.\"",\n  \""decision\"": \""choose\"",\n  \""parameters\"": [1]\n}\n```"", ""chose basket 1""]","{""1,A"": 3, ""1,B"": 3, ""1,C"": 3}",1,6,444,0,gpt-4o-mini
2025-02-10 03:43:53,test,6,3,"[""A"", ""B"", ""C""]","{""A"": 30, ""B"": 16, ""C"": 20}","{""1"": {""A"": 4, ""B"": 4, ""C"": 1}, ""2"": {""A"": 3, ""B"": 3, ""C"": 3}, ""3"": {""A"": 2, ""B"": 5, ""C"": 3}, ""4"": {""A"": 1, ""B"": 1, ""C"": 5}, ""5"": {""A"": 4, ""B"": 4, ""C"": 2}, ""6"": {""A"": 2, ""B"": 2, ""C"": 3}}",True,5,"[""```json\n{\n  \""explanation\"": \""since the recommended basket is basket 5 and it is stated to be the best basket, i will choose to reveal some cells in basket 5 to gather information about the prize counts. this will help me maximize my reward by understanding the potential values in that basket.\"",\n  \""decision\"": \""reveal\"",\n  \""parameters\"": [\""5 a\"", \""5 b\"", \""5 c\""]\n}\n```"", ""revealed 5 A"", ""revealed 5 B"", ""revealed 5 C"", ""```json\n{\n  \""explanation\"": \""basket 5 has already revealed counts for prizes a, b, and c, which are 4, 4, and 2 respectively. i will calculate the potential reward from this basket based on the revealed counts and their point values. the reward from basket 5 can be calculated as follows: (4 * 30) + (4 * 16) + (2 * 20) = 120 + 64 + 40 = 224 points. the reveal cost for the three cells is 6 points (3 reveals * 2 points each), leading to a net reward of 218 points. given that this is the best basket, i will choose to accept it.\"",\n  \""decision\"": \""accept\"",\n  \""parameters\"": []\n}\n```"", ""accepted default basket 5""]","{""5,A"": 4, ""5,B"": 4, ""5,C"": 2}",5,6,218,0,gpt-4o-mini
2025-02-10 03:43:59,test,5,4,"[""A"", ""B"", ""C"", ""D""]","{""A"": 22, ""B"": 27, ""C"": 29, ""D"": 10}","{""1"": {""A"": 4, ""B"": 1, ""C"": 3, ""D"": 4}, ""2"": {""A"": 2, ""B"": 4, ""C"": 2, ""D"": 1}, ""3"": {""A"": 1, ""B"": 4, ""C"": 5, ""D"": 1}, ""4"": {""A"": 1, ""B"": 5, ""C"": 4, ""D"": 1}, ""5"": {""A"": 5, ""B"": 4, ""C"": 4, ""D"": 1}}",True,5,"[""```json\n{\n  \""explanation\"": \""since basket 5 is recommended and is always the best basket, i will accept the recommendation without revealing any cells. this approach minimizes costs and maximizes potential rewards based on the assumption that basket 5 contains the highest counts for each prize type.\"",\n  \""decision\"": \""accept\"",\n  \""parameters\"": []\n}\n```"", ""accepted default basket 5""]",{},5,0,344,0,gpt-4o-mini
2025-02-10 03:44:02,test,5,5,"[""A"", ""B"", ""C"", ""D"", ""E""]","{""A"": 21, ""B"": 27, ""C"": 28, ""D"": 11, ""E"": 22}","{""1"": {""A"": 1, ""B"": 2, ""C"": 2, ""D"": 5, ""E"": 3}, ""2"": {""A"": 3, ""B"": 2, ""C"": 3, ""D"": 5, ""E"": 5}, ""3"": {""A"": 1, ""B"": 3, ""C"": 3, ""D"": 3, ""E"": 3}, ""4"": {""A"": 2, ""B"": 1, ""C"": 5, ""D"": 1, ""E"": 4}, ""5"": {""A"": 4, ""B"": 1, ""C"": 5, ""D"": 3, ""E"": 3}}",True,2,"[""```json\n{\n  \""explanation\"": \""since the recommended basket is basket 2, which is suggested to be the best option, i will choose to reveal some cells in this basket to gather more information about the prize counts. this will help me assess the potential reward and make a more informed decision.\"",\n  \""decision\"": \""reveal\"",\n  \""parameters\"": [\""2 a\"", \""2 b\"", \""2 c\"", \""2 d\"", \""2 e\""]\n}\n```"", ""revealed 2 A"", ""revealed 2 B"", ""revealed 2 C"", ""revealed 2 D"", ""revealed 2 E"", ""```json\n{\n  \""explanation\"": \""basket 2 has already revealed counts for all prize types, and it shows promising values. to calculate the potential reward, i will choose basket 2 since it has the highest counts for the prizes revealed. this will allow me to maximize my reward based on the current information.\"",\n  \""decision\"": \""choose\"",\n  \""parameters\"": [2]\n}\n```"", ""chose basket 2""]","{""2,A"": 3, ""2,B"": 2, ""2,C"": 3, ""2,D"": 5, ""2,E"": 5}",2,10,356,0,gpt-4o-mini
2025-02-10 03:44:06,test,5,4,"[""A"", ""B"", ""C"", ""D""]","{""A"": 14, ""B"": 13, ""C"": 14, ""D"": 18}","{""1"": {""A"": 5, ""B"": 2, ""C"": 1, ""D"": 1}, ""2"": {""A"": 4, ""B"": 5, ""C"": 5, ""D"": 5}, ""3"": {""A"": 4, ""B"": 2, ""C"": 3, ""D"": 4}, ""4"": {""A"": 2, ""B"": 1, ""C"": 2, ""D"": 4}, ""5"": {""A"": 2, ""B"": 4, ""C"": 2, ""D"": 4}}",False,,"[""{\""explanation\"": \""since all the cells are currently hidden, i need to gather information about the prize counts in the baskets. revealing some cells will help me understand the distribution of prizes and make a more informed decision later. i will start by revealing the first row (prize a) across all baskets to see if there are any counts for this valuable prize.\"", \""decision\"": \""reveal\"", \""parameters\"": [\""1 1\"", \""1 2\"", \""1 3\"", \""1 4\"", \""1 5\""]}"", ""Exceeded wrong move threshold.""]",{},2,0,281,5,gpt-4o-mini
2025-02-10 03:44:12,test,4,6,"[""A"", ""B"", ""C"", ""D"", ""E"", ""F""]","{""A"": 28, ""B"": 15, ""C"": 18, ""D"": 13, ""E"": 21, ""F"": 19}","{""1"": {""A"": 2, ""B"": 3, ""C"": 3, ""D"": 4, ""E"": 4, ""F"": 4}, ""2"": {""A"": 5, ""B"": 2, ""C"": 5, ""D"": 2, ""E"": 2, ""F"": 4}, ""3"": {""A"": 5, ""B"": 3, ""C"": 3, ""D"": 5, ""E"": 3, ""F"": 1}, ""4"": {""A"": 3, ""B"": 1, ""C"": 2, ""D"": 1, ""E"": 5, ""F"": 1}}",False,,"[""```json\n{\n  \""explanation\"": \""since all the prize counts are hidden, i need to gather information to make an informed decision. revealing cells will help me understand the distribution of prizes across the baskets. i will start by revealing one cell from each basket for the first prize type (a) to see if there are any counts present.\"",\n  \""decision\"": \""reveal\"",\n  \""parameters\"": [\""1 a\"", \""2 a\"", \""3 a\"", \""4 a\""]\n}\n```"", ""revealed 1 A"", ""revealed 2 A"", ""revealed 3 A"", ""revealed 4 A"", ""```json\n{\n  \""explanation\"": \""i have revealed the counts for prize a in all baskets, which gives me valuable information about their distribution. now, i need to decide on the next step. since prize a has counts in all baskets, i can calculate the potential rewards for each basket. i will choose the basket with the highest count for prize a, which is basket 2 with 5 counts. this will maximize my reward based on the current information.\"",\n  \""decision\"": \""choose\"",\n  \""parameters\"": [2]\n}\n```"", ""chose basket 2""]","{""1,A"": 2, ""2,A"": 5, ""3,A"": 5, ""4,A"": 3}",2,8,396,0,gpt-4o-mini
2025-02-10 03:44:16,test,3,3,"[""A"", ""B"", ""C""]","{""A"": 23, ""B"": 15, ""C"": 20}","{""1"": {""A"": 5, ""B"": 4, ""C"": 1}, ""2"": {""A"": 2, ""B"": 2, ""C"": 2}, ""3"": {""A"": 4, ""B"": 4, ""C"": 3}}",True,3,"[""```json\n{\n  \""explanation\"": \""since basket 3 is recommended and is stated to be the best basket, i will choose to accept the recommendation. this allows me to maximize my potential reward without incurring any reveal costs at this stage.\"",\n  \""decision\"": \""accept\"",\n  \""parameters\"": []\n}\n```"", ""accepted default basket 3""]",{},3,0,212,0,gpt-4o-mini
2025-02-10 03:44:21,test,6,3,"[""A"", ""B"", ""C""]","{""A"": 16, ""B"": 12, ""C"": 19}","{""1"": {""A"": 4, ""B"": 3, ""C"": 2}, ""2"": {""A"": 2, ""B"": 1, ""C"": 3}, ""3"": {""A"": 2, ""B"": 2, ""C"": 3}, ""4"": {""A"": 5, ""B"": 1, ""C"": 5}, ""5"": {""A"": 2, ""B"": 5, ""C"": 5}, ""6"": {""A"": 3, ""B"": 1, ""C"": 4}}",True,4,"[""```json\n{\n  \""explanation\"": \""since the recommended basket is basket 4, i will choose to reveal some cells in this basket to gather information about the prize counts. this will help me determine the potential rewards and make a more informed decision about whether to accept the recommendation or choose another basket later.\"",\n  \""decision\"": \""reveal\"",\n  \""parameters\"": [\""4 a\"", \""4 b\"", \""4 c\""]\n}\n```"", ""revealed 4 A"", ""revealed 4 B"", ""revealed 4 C"", ""```json\n{\n  \""explanation\"": \""basket 4 has already revealed counts for prizes a, b, and c. the counts are 5 for a, 1 for b, and 5 for c. i will calculate the potential reward from this basket. the reward from basket 4 can be calculated as follows: (5 * 16) + (1 * 12) + (5 * 19) - (3 * 2) = 80 + 12 + 95 - 6 = 181 points. since this is a positive reward and the recommended basket is indeed showing promising counts, i will accept the recommendation to choose basket 4.\"",\n  \""decision\"": \""accept\"",\n  \""parameters\"": []\n}\n```"", ""accepted default basket 4""]","{""4,A"": 5, ""4,B"": 1, ""4,C"": 5}",4,6,181,0,gpt-4o-mini
2025-02-10 03:44:26,test,4,6,"[""A"", ""B"", ""C"", ""D"", ""E"", ""F""]","{""A"": 21, ""B"": 20, ""C"": 13, ""D"": 10, ""E"": 14, ""F"": 26}","{""1"": {""A"": 2, ""B"": 4, ""C"": 3, ""D"": 4, ""E"": 4, ""F"": 5}, ""2"": {""A"": 4, ""B"": 3, ""C"": 5, ""D"": 4, ""E"": 3, ""F"": 5}, ""3"": {""A"": 4, ""B"": 3, ""C"": 1, ""D"": 1, ""E"": 3, ""F"": 1}, ""4"": {""A"": 3, ""B"": 2, ""C"": 3, ""D"": 5, ""E"": 4, ""F"": 1}}",False,,"[""```json\n{\n  \""explanation\"": \""since all the prize counts are hidden, i need to gather information about the contents of the baskets to make an informed decision. revealing a few cells will help me understand which baskets contain higher-value prizes. i will start by revealing the first row for all baskets to see the counts for prize a, which has a high point value of 21 points.\"",\n  \""decision\"": \""reveal\"",\n  \""parameters\"": [\""1 1\"", \""1 2\"", \""1 3\"", \""1 4\""]\n}\n```"", ""Exceeded wrong move threshold.""]",{},2,0,421,4,gpt-4o-mini
2025-02-10 03:44:31,test,7,4,"[""A"", ""B"", ""C"", ""D""]","{""A"": 29, ""B"": 23, ""C"": 15, ""D"": 27}","{""1"": {""A"": 4, ""B"": 2, ""C"": 1, ""D"": 3}, ""2"": {""A"": 5, ""B"": 3, ""C"": 5, ""D"": 1}, ""3"": {""A"": 3, ""B"": 4, ""C"": 1, ""D"": 5}, ""4"": {""A"": 2, ""B"": 3, ""C"": 1, ""D"": 2}, ""5"": {""A"": 3, ""B"": 3, ""C"": 1, ""D"": 1}, ""6"": {""A"": 5, ""B"": 2, ""C"": 4, ""D"": 1}, ""7"": {""A"": 2, ""B"": 1, ""C"": 1, ""D"": 2}}",True,3,"[""```json\n{\n  \""explanation\"": \""since basket 3 is recommended and is always the best basket, i will choose to reveal some cells in basket 3 to gather information about the prize counts. this will help me maximize my potential reward while minimizing the reveal cost.\"",\n  \""decision\"": \""reveal\"",\n  \""parameters\"": [\""3 a\"", \""3 b\"", \""3 c\"", \""3 d\""]\n}\n```"", ""revealed 3 A"", ""revealed 3 B"", ""revealed 3 C"", ""revealed 3 D"", ""```json\n{\n  \""explanation\"": \""basket 3 has already revealed counts for all prize types, and it shows promising values. i will calculate the potential reward based on the revealed counts and their corresponding point values. since i can see the counts, i will choose to accept the recommended basket, as it appears to be the best option.\"",\n  \""decision\"": \""accept\"",\n  \""parameters\"": []\n}\n```"", ""accepted default basket 3""]","{""3,A"": 3, ""3,B"": 4, ""3,C"": 1, ""3,D"": 5}",3,8,321,0,gpt-4o-mini
2025-02-10 03:44:34,test,7,4,"[""A"", ""B"", ""C"", ""D""]","{""A"": 14, ""B"": 27, ""C"": 29, ""D"": 19}","{""1"": {""A"": 2, ""B"": 2, ""C"": 1, ""D"": 4}, ""2"": {""A"": 2, ""B"": 2, ""C"": 5, ""D"": 3}, ""3"": {""A"": 1, ""B"": 4, ""C"": 2, ""D"": 3}, ""4"": {""A"": 5, ""B"": 3, ""C"": 4, ""D"": 3}, ""5"": {""A"": 3, ""B"": 2, ""C"": 4, ""D"": 2}, ""6"": {""A"": 4, ""B"": 1, ""C"": 3, ""D"": 5}, ""7"": {""A"": 3, ""B"": 2, ""C"": 2, ""D"": 5}}",False,,"[""{\""explanation\"": \""since all the prize counts are hidden, i need to reveal some cells to gather information about the distribution of prizes across the baskets. this will help me make a more informed decision about which baskets to choose later. i will reveal the first row for all baskets to see how many of prize a are in each basket, as it has the lowest point value and will help me understand the distribution better.\"", \""decision\"": \""reveal\"", \""parameters\"": [\""1 a\"", \""1 b\"", \""1 c\"", \""1 d\"", \""1 e\"", \""1 f\"", \""1 g\""]}"", ""revealed 1 A"", ""revealed 1 B"", ""revealed 1 C"", ""revealed 1 D"", ""Exceeded wrong move threshold.""]","{""1,A"": 2, ""1,B"": 2, ""1,C"": 1, ""1,D"": 4}",4,8,316,3,gpt-4o-mini
2025-02-10 03:44:36,test,3,4,"[""A"", ""B"", ""C"", ""D""]","{""A"": 16, ""B"": 23, ""C"": 29, ""D"": 26}","{""1"": {""A"": 2, ""B"": 1, ""C"": 2, ""D"": 2}, ""2"": {""A"": 5, ""B"": 3, ""C"": 3, ""D"": 5}, ""3"": {""A"": 3, ""B"": 3, ""C"": 1, ""D"": 2}}",True,2,"[""```json\n{\n  \""explanation\"": \""since basket 2 is recommended and is said to be the best basket, i will accept the recommendation. this allows me to maximize my potential reward without incurring any reveal costs at this stage.\"",\n  \""decision\"": \""accept\"",\n  \""parameters\"": []\n}\n```"", ""accepted default basket 2""]",{},2,0,366,0,gpt-4o-mini
2025-02-10 03:44:37,test,5,6,"[""A"", ""B"", ""C"", ""D"", ""E"", ""F""]","{""A"": 10, ""B"": 30, ""C"": 20, ""D"": 30, ""E"": 20, ""F"": 22}","{""1"": {""A"": 3, ""B"": 5, ""C"": 3, ""D"": 3, ""E"": 1, ""F"": 3}, ""2"": {""A"": 2, ""B"": 1, ""C"": 2, ""D"": 5, ""E"": 3, ""F"": 5}, ""3"": {""A"": 3, ""B"": 3, ""C"": 2, ""D"": 5, ""E"": 3, ""F"": 2}, ""4"": {""A"": 5, ""B"": 4, ""C"": 3, ""D"": 1, ""E"": 1, ""F"": 1}, ""5"": {""A"": 5, ""B"": 5, ""C"": 3, ""D"": 5, ""E"": 1, ""F"": 1}}",False,,"[""```json\n{\n  \""explanation\"": \""since all the counts for each prize type in the baskets are currently hidden, i need to reveal some cells to gather information about the distribution of prizes. this will help me make a more informed decision about which basket to choose later. i will reveal the first row for all baskets to see the counts for prize a, which has the lowest point value, allowing me to assess the potential rewards without incurring too much cost initially.\"",\n  \""decision\"": \""reveal\"",\n  \""parameters\"": [\""1 a\"", \""1 b\"", \""1 c\"", \""1 d\"", \""1 e\""]\n}\n```"", ""revealed 1 A"", ""revealed 1 B"", ""revealed 1 C"", ""revealed 1 D"", ""revealed 1 E"", ""```json\n{\n  \""explanation\"": \""i have revealed some counts for prize a, b, c, d, and e in basket 1. the counts for prize f are still hidden across all baskets. since basket 1 has visible counts for multiple prizes, i can calculate the potential reward from it. i will choose basket 1 because it has the most information available and seems to offer a good reward based on the revealed counts.\"",\n  \""decision\"": \""choose\"",\n  \""parameters\"": [1]\n}\n```"", ""chose basket 1""]","{""1,A"": 3, ""1,B"": 5, ""1,C"": 3, ""1,D"": 3, ""1,E"": 1}",1,10,406,0,gpt-4o-mini
2025-02-10 03:44:42,test,6,3,"[""A"", ""B"", ""C""]","{""A"": 27, ""B"": 10, ""C"": 30}","{""1"": {""A"": 2, ""B"": 3, ""C"": 4}, ""2"": {""A"": 5, ""B"": 3, ""C"": 5}, ""3"": {""A"": 5, ""B"": 4, ""C"": 5}, ""4"": {""A"": 5, ""B"": 5, ""C"": 1}, ""5"": {""A"": 4, ""B"": 1, ""C"": 5}, ""6"": {""A"": 5, ""B"": 2, ""C"": 4}}",False,,"[""```json\n{\n  \""explanation\"": \""since all the baskets currently have hidden counts for each prize type, i need to reveal some cells to gather information about the distribution of prizes. this will help me make a more informed decision about which basket to choose later. i will reveal one cell from each prize row in the first basket to minimize the reveal cost while maximizing the information gained.\"",\n  \""decision\"": \""reveal\"",\n  \""parameters\"": [\""1 a\"", \""2 a\"", \""3 a\""]\n}\n```"", ""revealed 1 A"", ""revealed 2 A"", ""revealed 3 A"", ""```json\n{\n  \""explanation\"": \""i have revealed some counts in basket 1, which shows that there are 2 of prize a. however, i still need more information about the counts for prizes b and c across all baskets. since basket 1 has some known values, i will now reveal the counts for prizes b and c in basket 1 to get a complete view of that basket before making a decision.\"",\n  \""decision\"": \""reveal\"",\n  \""parameters\"": [\""2 a\"", \""3 a\""]\n}\n```"", ""```json\n{\n  \""explanation\"": \""i have revealed the count for prize a in basket 1, which shows there are 2 of prize a. however, i still lack information about prizes b and c in basket 1 and across other baskets. since basket 1 has some known values, i will reveal the counts for prizes b and c in basket 1 to get a complete view of that basket before making a decision.\"",\n  \""decision\"": \""reveal\"",\n  \""parameters\"": [\""2 a\"", \""3 a\""]\n}\n```"", ""Exceeded wrong move threshold.""]","{""1,A"": 2, ""2,A"": 5, ""3,A"": 5}",3,6,319,4,gpt-4o-mini
